3/4,5/6,7/8
1PE11CS001,1PE12CS001,1PE13CS001
1PE11CS002,1PE12CS002,1PE13CS002
1PE11CS003,1PE12CS003,1PE13CS003
1PE11CS004,1PE12CS004,1PE13CS004
1PE11CS005,1PE12CS005,1PE13CS005
1PE11CS006,1PE12CS006,1PE13CS006
1PE11CS007,1PE12CS007,1PE13CS007
1PE11CS008,1PE12CS008,1PE13CS008
1PE11CS009,1PE12CS009,1PE13CS009
1PE11CS010,1PE12CS010,1PE13CS010
1PE11CS011,1PE12CS011,1PE13CS011
1PE11CS012,1PE12CS012,1PE13CS012
1PE11CS013,1PE12CS013,1PE13CS013
1PE11CS014,1PE12CS014,1PE13CS014
1PE11CS015,1PE12CS015,1PE13CS015
1PE11CS016,1PE12CS016,1PE13CS016
1PE11CS017,1PE12CS017,1PE13CS017
1PE11CS018,1PE12CS018,1PE13CS018
1PE11CS019,1PE12CS019,1PE13CS019
1PE11CS020,1PE12CS020,1PE13CS020
1PE11CS021,1PE12CS021,1PE13CS021
1PE11CS022,1PE12CS022,1PE13CS022
1PE11CS023,1PE12CS023,1PE13CS023
1PE11CS024,1PE12CS024,1PE13CS024
1PE11CS025,1PE12CS025,1PE13CS025
1PE11CS026,1PE12CS026,1PE13CS026
1PE11CS027,1PE12CS027,1PE13CS027
1PE11CS028,1PE12CS028,1PE13CS028
1PE11CS029,1PE12CS029,1PE13CS029
1PE11CS030,1PE12CS030,1PE13CS030
1PE11CS031,1PE12CS031,1PE13CS031
1PE11CS032,1PE12CS032,1PE13CS032
1PE11CS033,1PE12CS033,1PE13CS033
1PE11CS034,1PE12CS034,1PE13CS034
1PE11CS035,1PE12CS035,1PE13CS035
1PE11CS036,1PE12CS036,1PE13CS036
1PE11CS037,1PE12CS037,1PE13CS037
1PE11CS038,1PE12CS038,1PE13CS038
1PE11CS039,1PE12CS039,1PE13CS039
1PE11CS040,1PE12CS040,1PE13CS040
1PE11CS041,1PE12CS041,1PE13CS041
1PE11CS042,1PE12CS042,1PE13CS042
1PE11CS043,1PE12CS043,1PE13CS043
1PE11CS044,1PE12CS044,1PE13CS044
1PE11CS045,1PE12CS045,1PE13CS045
1PE11CS046,1PE12CS046,1PE13CS046
1PE11CS047,1PE12CS047,1PE13CS047
1PE11CS048,1PE12CS048,1PE13CS048
1PE11CS049,1PE12CS049,1PE13CS049
1PE11CS050,1PE12CS050,1PE13CS050
1PE11CS051,1PE12CS051,1PE13CS051
1PE11CS052,1PE12CS052,1PE13CS052
1PE11CS053,1PE12CS053,1PE13CS053
1PE11CS054,1PE12CS054,1PE13CS054
1PE11CS055,1PE12CS055,1PE13CS055
1PE11CS056,1PE12CS056,1PE13CS056
1PE11CS057,1PE12CS057,1PE13CS057
1PE11CS058,1PE12CS058,1PE13CS058
1PE11CS059,1PE12CS059,1PE13CS059
1PE11CS060,1PE12CS060,1PE13CS060
1PE11CS061,1PE12CS061,1PE13CS061
1PE11CS062,1PE12CS062,1PE13CS062
1PE11CS063,1PE12CS063,1PE13CS063
1PE11CS064,1PE12CS064,1PE13CS064
1PE11CS065,1PE12CS065,1PE13CS065
1PE11CS066,1PE12CS066,1PE13CS066
1PE11CS067,1PE12CS067,1PE13CS067
1PE11CS068,1PE12CS068,1PE13CS068
1PE11CS069,1PE12CS069,1PE13CS069
1PE11CS070,1PE12CS070,1PE13CS070
1PE11CS071,1PE12CS071,1PE13CS071
1PE11CS072,1PE12CS072,1PE13CS072
1PE11CS073,1PE12CS073,1PE13CS073
1PE11CS074,1PE12CS074,1PE13CS074
1PE11CS075,1PE12CS075,1PE13CS075
1PE11CS076,1PE12CS076,1PE13CS076
1PE11CS077,1PE12CS077,1PE13CS077
1PE11CS078,1PE12CS078,1PE13CS078
1PE11CS079,1PE12CS079,1PE13CS079
1PE11CS080,1PE12CS080,1PE13CS080
1PE11CS081,1PE12CS081,1PE13CS081
1PE11CS082,1PE12CS082,1PE13CS082
1PE11CS083,1PE12CS083,1PE13CS083
1PE11CS084,1PE12CS084,1PE13CS084
1PE11CS085,1PE12CS085,1PE13CS085
1PE11CS086,1PE12CS086,1PE13CS086
1PE11CS087,1PE12CS087,1PE13CS087
1PE11CS088,1PE12CS088,1PE13CS088
1PE11CS089,1PE12CS089,1PE13CS089
1PE11CS090,1PE12CS090,1PE13CS090
1PE11CS091,1PE12CS091,1PE13CS091
1PE11CS092,1PE12CS092,1PE13CS092
1PE11CS093,1PE12CS093,1PE13CS093
1PE11CS094,1PE12CS094,1PE13CS094
1PE11CS095,1PE12CS095,1PE13CS095
1PE11CS096,1PE12CS096,1PE13CS096
1PE11CS097,1PE12CS097,1PE13CS097
1PE11CS098,1PE12CS098,1PE13CS098
1PE11CS099,1PE12CS099,1PE13CS099
1PE11CS100,1PE12CS100,1PE13CS100
1PE11CS101,1PE12CS101,1PE13CS101
1PE11CS102,1PE12CS102,1PE13CS102
1PE11CS103,1PE12CS103,1PE13CS103
1PE11CS104,1PE12CS104,1PE13CS104
1PE11CS105,1PE12CS105,1PE13CS105
1PE11CS106,1PE12CS106,1PE13CS106
1PE11CS107,1PE12CS107,1PE13CS107
1PE11CS108,1PE12CS108,1PE13CS108
1PE11CS109,1PE12CS109,1PE13CS109
1PE11CS110,1PE12CS110,1PE13CS110
1PE11CS111,1PE12CS111,1PE13CS111
1PE11CS112,1PE12CS112,1PE13CS112
1PE11CS113,1PE12CS113,1PE13CS113
1PE11CS114,1PE12CS114,1PE13CS114
1PE11CS115,1PE12CS115,1PE13CS115
1PE11CS116,1PE12CS116,1PE13CS116
1PE11CS117,1PE12CS117,1PE13CS117
1PE11CS118,1PE12CS118,1PE13CS118
1PE11CS119,1PE12CS119,1PE13CS119
1PE11CS120,1PE12CS120,1PE13CS120
1PE11CS121,1PE12CS121,1PE13CS121
1PE11CS122,1PE12CS122,1PE13CS122
1PE11CS123,1PE12CS123,1PE13CS123
1PE11CS124,1PE12CS124,1PE13CS124
1PE11CS125,1PE12CS125,1PE13CS125
1PE11CS126,1PE12CS126,1PE13CS126
1PE11CS127,1PE12CS127,1PE13CS127
1PE11CS128,1PE12CS128,1PE13CS128
1PE11CS129,1PE12CS129,1PE13CS129
1PE11CS130,1PE12CS130,1PE13CS130
1PE11CS131,1PE12CS131,1PE13CS131
1PE11CS132,1PE12CS132,1PE13CS132
1PE11CS133,1PE12CS133,1PE13CS133
1PE11CS134,1PE12CS134,1PE13CS134
1PE11CS135,1PE12CS135,1PE13CS135
1PE11CS136,1PE12CS136,1PE13CS136
1PE11CS137,1PE12CS137,1PE13CS137
1PE11CS138,1PE12CS138,1PE13CS138
1PE11CS139,1PE12CS139,1PE13CS139
1PE11CS140,1PE12CS140,1PE13CS140
1PE11CS141,1PE12CS141,1PE13CS141
1PE11CS142,1PE12CS142,1PE13CS142
1PE11CS143,1PE12CS143,1PE13CS143
1PE11CS144,1PE12CS144,1PE13CS144
1PE11CS145,1PE12CS145,1PE13CS145
1PE11CS146,1PE12CS146,1PE13CS146
1PE11CS147,1PE12CS147,1PE13CS147
1PE11CS148,1PE12CS148,1PE13CS148
1PE11CS149,1PE12CS149,1PE13CS149
1PE11CS150,1PE12CS150,1PE13CS150
1PE11CS151,1PE12CS151,1PE13CS151
1PE11CS152,1PE12CS152,1PE13CS152
1PE11CS153,1PE12CS153,1PE13CS153
1PE11CS154,1PE12CS154,1PE13CS154
1PE11CS155,1PE12CS155,1PE13CS155
1PE11CS156,1PE12CS156,1PE13CS156
1PE11CS157,1PE12CS157,1PE13CS157
1PE11CS158,1PE12CS158,1PE13CS158
1PE11CS159,1PE12CS159,1PE13CS159
1PE11CS160,1PE12CS160,1PE13CS160
1PE11CS161,1PE12CS161,1PE13CS161
1PE11CS162,1PE12CS162,1PE13CS162
1PE11CS163,1PE12CS163,1PE13CS163
1PE11CS164,1PE12CS164,1PE13CS164
1PE11CS165,1PE12CS165,1PE13CS165
1PE11CS166,1PE12CS166,1PE13CS166
1PE11CS167,1PE12CS167,1PE13CS167
1PE11CS168,1PE12CS168,1PE13CS168
1PE11CS169,1PE12CS169,1PE13CS169
1PE11CS170,1PE12CS170,1PE13CS170
1PE11CS171,1PE12CS171,1PE13CS171
1PE11CS172,1PE12CS172,1PE13CS172
1PE11CS173,1PE12CS173,1PE13CS173
1PE11CS174,1PE12CS174,1PE13CS174
1PE11CS175,1PE12CS175,1PE13CS175
1PE11CS176,1PE12CS176,1PE13CS176
1PE11CS177,1PE12CS177,1PE13CS177
1PE11CS178,1PE12CS178,1PE13CS178
1PE11CS179,1PE12CS179,1PE13CS179
1PE11CS180,1PE12CS180,1PE13CS180
1PE11CS181,1PE12CS181,1PE13CS181
1PE11CS182,1PE12CS182,1PE13CS182
1PE11CS183,1PE12CS183,1PE13CS183
1PE11CS184,1PE12CS184,1PE13CS184
1PE11CS185,1PE12CS185,1PE13CS185
1PE11CS186,1PE12CS186,1PE13CS186
1PE11CS187,1PE12CS187,1PE13CS187
1PE11CS188,1PE12CS188,1PE13CS188
1PE11CS189,1PE12CS189,1PE13CS189
1PE11CS190,1PE12CS190,1PE13CS190
1PE11CS191,1PE12CS191,1PE13CS191
1PE11CS192,1PE12CS192,1PE13CS192
1PE11CS193,1PE12CS193,1PE13CS193
1PE11CS194,1PE12CS194,1PE13CS194
1PE11CS195,1PE12CS195,1PE13CS195
1PE11CS196,1PE12CS196,1PE13CS196
1PE11CS197,1PE12CS197,1PE13CS197
1PE11CS198,1PE12CS198,1PE13CS198
1PE11CS199,1PE12CS199,1PE13CS199
1PE11CS200,1PE12CS200,1PE13CS200
