ECE 3/4,ECE 5/6,ECE 7/8
1PE11EC001,1PE12EC001,1PE13EC001
1PE11EC002,1PE12EC002,1PE13EC002
1PE11EC003,1PE12EC003,1PE13EC003
1PE11EC004,1PE12EC004,1PE13EC004
1PE11EC005,1PE12EC005,1PE13EC005
1PE11EC006,1PE12EC006,1PE13EC006
1PE11EC007,1PE12EC007,1PE13EC007
1PE11EC008,1PE12EC008,1PE13EC008
1PE11EC009,1PE12EC009,1PE13EC009
1PE11EC010,1PE12EC010,1PE13EC010
1PE11EC011,1PE12EC011,1PE13EC011
1PE11EC012,1PE12EC012,1PE13EC012
1PE11EC013,1PE12EC013,1PE13EC013
1PE11EC014,1PE12EC014,1PE13EC014
1PE11EC015,1PE12EC015,1PE13EC015
1PE11EC016,1PE12EC016,1PE13EC016
1PE11EC017,1PE12EC017,1PE13EC017
1PE11EC018,1PE12EC018,1PE13EC018
1PE11EC019,1PE12EC019,1PE13EC019
1PE11EC020,1PE12EC020,1PE13EC020
1PE11EC021,1PE12EC021,1PE13EC021
1PE11EC022,1PE12EC022,1PE13EC022
1PE11EC023,1PE12EC023,1PE13EC023
1PE11EC024,1PE12EC024,1PE13EC024
1PE11EC025,1PE12EC025,1PE13EC025
1PE11EC026,1PE12EC026,1PE13EC026
1PE11EC027,1PE12EC027,1PE13EC027
1PE11EC028,1PE12EC028,1PE13EC028
1PE11EC029,1PE12EC029,1PE13EC029
1PE11EC030,1PE12EC030,1PE13EC030
1PE11EC031,1PE12EC031,1PE13EC031
1PE11EC032,1PE12EC032,1PE13EC032
1PE11EC033,1PE12EC033,1PE13EC033
1PE11EC034,1PE12EC034,1PE13EC034
1PE11EC035,1PE12EC035,1PE13EC035
1PE11EC036,1PE12EC036,1PE13EC036
1PE11EC037,1PE12EC037,1PE13EC037
1PE11EC038,1PE12EC038,1PE13EC038
1PE11EC039,1PE12EC039,1PE13EC039
1PE11EC040,1PE12EC040,1PE13EC040
1PE11EC041,1PE12EC041,1PE13EC041
1PE11EC042,1PE12EC042,1PE13EC042
1PE11EC043,1PE12EC043,1PE13EC043
1PE11EC044,1PE12EC044,1PE13EC044
1PE11EC045,1PE12EC045,1PE13EC045
1PE11EC046,1PE12EC046,1PE13EC046
1PE11EC047,1PE12EC047,1PE13EC047
1PE11EC048,1PE12EC048,1PE13EC048
1PE11EC049,1PE12EC049,1PE13EC049
1PE11EC050,1PE12EC050,1PE13EC050
1PE11EC051,1PE12EC051,1PE13EC051
1PE11EC052,1PE12EC052,1PE13EC052
1PE11EC053,1PE12EC053,1PE13EC053
1PE11EC054,1PE12EC054,1PE13EC054
1PE11EC055,1PE12EC055,1PE13EC055
1PE11EC056,1PE12EC056,1PE13EC056
1PE11EC057,1PE12EC057,1PE13EC057
1PE11EC058,1PE12EC058,1PE13EC058
1PE11EC059,1PE12EC059,1PE13EC059
1PE11EC060,1PE12EC060,1PE13EC060
1PE11EC061,1PE12EC061,1PE13EC061
1PE11EC062,1PE12EC062,1PE13EC062
1PE11EC063,1PE12EC063,1PE13EC063
1PE11EC064,1PE12EC064,1PE13EC064
1PE11EC065,1PE12EC065,1PE13EC065
1PE11EC066,1PE12EC066,1PE13EC066
1PE11EC067,1PE12EC067,1PE13EC067
1PE11EC068,1PE12EC068,1PE13EC068
1PE11EC069,1PE12EC069,1PE13EC069
1PE11EC070,1PE12EC070,1PE13EC070
1PE11EC071,1PE12EC071,1PE13EC071
1PE11EC072,1PE12EC072,1PE13EC072
1PE11EC073,1PE12EC073,1PE13EC073
1PE11EC074,1PE12EC074,1PE13EC074
1PE11EC075,1PE12EC075,1PE13EC075
1PE11EC076,1PE12EC076,1PE13EC076
1PE11EC077,1PE12EC077,1PE13EC077
1PE11EC078,1PE12EC078,1PE13EC078
1PE11EC079,1PE12EC079,1PE13EC079
1PE11EC080,1PE12EC080,1PE13EC080
1PE11EC081,1PE12EC081,1PE13EC081
1PE11EC082,1PE12EC082,1PE13EC082
1PE11EC083,1PE12EC083,1PE13EC083
1PE11EC084,1PE12EC084,1PE13EC084
1PE11EC085,1PE12EC085,1PE13EC085
1PE11EC086,1PE12EC086,1PE13EC086
1PE11EC087,1PE12EC087,1PE13EC087
1PE11EC088,1PE12EC088,1PE13EC088
1PE11EC089,1PE12EC089,1PE13EC089
1PE11EC090,1PE12EC090,1PE13EC090
1PE11EC091,1PE12EC091,1PE13EC091
1PE11EC092,1PE12EC092,1PE13EC092
1PE11EC093,1PE12EC093,1PE13EC093
1PE11EC094,1PE12EC094,1PE13EC094
1PE11EC095,1PE12EC095,1PE13EC095
1PE11EC096,1PE12EC096,1PE13EC096
1PE11EC097,1PE12EC097,1PE13EC097
1PE11EC098,1PE12EC098,1PE13EC098
1PE11EC099,1PE12EC099,1PE13EC099
1PE11EC100,1PE12EC100,1PE13EC100
1PE11EC101,1PE12EC101,1PE13EC101
1PE11EC102,1PE12EC102,1PE13EC102
1PE11EC103,1PE12EC103,1PE13EC103
1PE11EC104,1PE12EC104,1PE13EC104
1PE11EC105,1PE12EC105,1PE13EC105
1PE11EC106,1PE12EC106,1PE13EC106
1PE11EC107,1PE12EC107,1PE13EC107
1PE11EC108,1PE12EC108,1PE13EC108
1PE11EC109,1PE12EC109,1PE13EC109
1PE11EC110,1PE12EC110,1PE13EC110
1PE11EC111,1PE12EC111,1PE13EC111
1PE11EC112,1PE12EC112,1PE13EC112
1PE11EC113,1PE12EC113,1PE13EC113
1PE11EC114,1PE12EC114,1PE13EC114
1PE11EC115,1PE12EC115,1PE13EC115
1PE11EC116,1PE12EC116,1PE13EC116
1PE11EC117,1PE12EC117,1PE13EC117
1PE11EC118,1PE12EC118,1PE13EC118
1PE11EC119,1PE12EC119,1PE13EC119
1PE11EC120,1PE12EC120,1PE13EC120
1PE11EC121,1PE12EC121,1PE13EC121
1PE11EC122,1PE12EC122,1PE13EC122
1PE11EC123,1PE12EC123,1PE13EC123
1PE11EC124,1PE12EC124,1PE13EC124
1PE11EC125,1PE12EC125,1PE13EC125
1PE11EC126,1PE12EC126,1PE13EC126
1PE11EC127,1PE12EC127,1PE13EC127
1PE11EC128,1PE12EC128,1PE13EC128
1PE11EC129,1PE12EC129,1PE13EC129
1PE11EC130,1PE12EC130,1PE13EC130
1PE11EC131,1PE12EC131,1PE13EC131
1PE11EC132,1PE12EC132,1PE13EC132
1PE11EC133,1PE12EC133,1PE13EC133
1PE11EC134,1PE12EC134,1PE13EC134
1PE11EC135,1PE12EC135,1PE13EC135
1PE11EC136,1PE12EC136,1PE13EC136
1PE11EC137,1PE12EC137,1PE13EC137
1PE11EC138,1PE12EC138,1PE13EC138
1PE11EC139,1PE12EC139,1PE13EC139
1PE11EC140,1PE12EC140,1PE13EC140
1PE11EC141,1PE12EC141,1PE13EC141
1PE11EC142,1PE12EC142,1PE13EC142
1PE11EC143,1PE12EC143,1PE13EC143
1PE11EC144,1PE12EC144,1PE13EC144
1PE11EC145,1PE12EC145,1PE13EC145
1PE11EC146,1PE12EC146,1PE13EC146
1PE11EC147,1PE12EC147,1PE13EC147
1PE11EC148,1PE12EC148,1PE13EC148
1PE11EC149,1PE12EC149,1PE13EC149
1PE11EC150,1PE12EC150,1PE13EC150
